{
    "geometries":[{
        "uuid":"28702BCD-66B8-453C-A54B-6340488D00E3",
        "materials":[],
        "data":{
            "metadata":{
                "vertices":4,
                "uvs":1,
                "normals":2,
                "version":3,
                "materials":0,
                "colors":0,
                "faces":2,
                "generator":"io_three"
            },
            "vertices":[0.7,0.75,-0.34,0.7,0,0.34,0.7,0.75,0.34,0.7,0,-0.34],
            "uvs":[[1,0.705962]],
            "normals":[-1,-0,0,-1,0,-0],
            "name":"SketchUp ID35Geometry",
            "colors":[],
            "faces":[42,0,1,2,0,0,0,0,0,0,0,42,1,0,3,0,0,0,0,1,1,1]
        },
        "type":"Geometry"
    },{
        "uuid":"DCD19B4E-BE7C-4C99-BB26-2C24FD276D50",
        "materials":[{
            "depthTest":true,
            "shading":"phong",
            "vertexColors":false,
            "DbgName":"Color_J06",
            "transparent":false,
            "visible":true,
            "colorSpecular":[0.5,0.5,0.5],
            "wireframe":false,
            "specularCoef":50,
            "DbgIndex":0,
            "opacity":1,
            "colorEmissive":[0,0,0],
            "DbgColor":15658734,
            "depthWrite":true,
            "blending":"NormalBlending"
        }],
        "data":{
            "metadata":{
                "vertices":16,
                "uvs":1,
                "normals":8,
                "version":3,
                "materials":1,
                "colors":0,
                "faces":8,
                "generator":"io_three"
            },
            "vertices":[0.45,0.75,-0.34,0.7,0,-0.34,0.45,0,-0.34,0.7,0.75,-0.34,0.7,0,-0.34,0.45,0,0.34,0.45,0,-0.34,0.7,0,0.34,0.7,0.75,0.34,0.45,0.75,-0.34,0.45,0.75,0.34,0.7,0.75,-0.34,0.7,0.75,0.34,0.45,0,0.34,0.7,0,0.34,0.45,0.75,0.34],
            "uvs":[[0.83601,0.618015,1,0.643925,1,0.705962,0.869514,0.601866,0,0.643925,0,0.294039,0,0.705962,0,0.356075,0.869514,0.398134,0.83601,0.381986,1,0.294039,1,0.356075]],
            "normals":[0,-1,-0,-0,-1,0,0,0,1,-0,-0,1,-0,0,-1,0,-0,-1,0,1,0,-0,1,-0],
            "name":"SketchUp ID19Geometry",
            "colors":[],
            "faces":[42,0,1,2,0,0,1,2,0,0,0,42,1,0,3,0,1,0,3,1,1,1,42,4,5,6,0,4,5,6,2,2,2,42,5,4,7,0,5,4,7,3,3,3,42,8,9,10,0,8,0,9,4,4,4,42,9,8,11,0,0,8,3,5,5,5,42,12,13,14,0,8,10,11,6,6,6,42,13,12,15,0,10,8,9,7,7,7]
        },
        "type":"Geometry"
    },{
        "uuid":"3C31E4DB-D02B-48F8-8904-AACFB6BA5C66",
        "materials":[{
            "depthTest":true,
            "shading":"phong",
            "vertexColors":false,
            "DbgName":"Color_J07",
            "transparent":false,
            "visible":true,
            "colorSpecular":[0.5,0.5,0.5],
            "wireframe":false,
            "specularCoef":50,
            "DbgIndex":0,
            "opacity":1,
            "colorEmissive":[0,0,0],
            "DbgColor":15658734,
            "depthWrite":true,
            "blending":"NormalBlending"
        }],
        "data":{
            "metadata":{
                "vertices":20,
                "uvs":1,
                "normals":10,
                "version":3,
                "materials":1,
                "colors":0,
                "faces":10,
                "generator":"io_three"
            },
            "vertices":[0.45,0,-0.34,0,0,0.34,0,0,-0.34,0.45,0,0.34,0,0.75,-0.34,0.45,0,-0.34,0,0,-0.34,0.45,0.75,-0.34,0.45,0.75,0.34,0,0,0.34,0.45,0,0.34,0,0.75,0.34,0,0.75,-0.34,0,0,0.34,0,0.75,0.34,0,0,-0.34,0.45,0.75,0.34,0,0.75,-0.34,0,0.75,0.34,0.45,0.75,-0.34],
            "uvs":[[0,0.705962,0,0,0,1,0,0.294039,0.75,0.63548,1,0.705962,0.75,1,0.83601,0.618015,0.83601,0.381986,0.83601,0,1,0.294039,0.75,0.36452,0.75,0]],
            "normals":[0,0,1,-0,-0,1,0,-1,-0,-0,-1,0,0,1,0,-0,1,-0,-1,-0,0,-1,0,-0,-0,0,-1,0,-0,-1],
            "name":"SketchUp ID3Geometry",
            "colors":[],
            "faces":[42,0,1,2,0,0,1,2,0,0,0,42,1,0,3,0,1,0,3,1,1,1,42,4,5,6,0,4,5,6,2,2,2,42,5,4,7,0,5,4,7,3,3,3,42,8,9,10,0,8,9,10,4,4,4,42,9,8,11,0,9,8,11,5,5,5,42,12,13,14,0,4,12,11,6,6,6,42,13,12,15,0,12,4,6,7,7,7,42,16,17,18,0,8,4,11,8,8,8,42,17,16,19,0,4,8,7,9,9,9]
        },
        "type":"Geometry"
    },{
        "uuid":"84215DE2-74C9-43E7-A663-FDCD14CCA1C5",
        "materials":[{
            "depthTest":true,
            "shading":"phong",
            "vertexColors":false,
            "DbgName":"Color_J09",
            "transparent":false,
            "visible":true,
            "colorSpecular":[0.5,0.5,0.5],
            "wireframe":false,
            "specularCoef":50,
            "DbgIndex":0,
            "opacity":1,
            "colorEmissive":[0,0,0],
            "DbgColor":15658734,
            "depthWrite":true,
            "blending":"NormalBlending"
        }],
        "data":{
            "metadata":{
                "vertices":20,
                "uvs":1,
                "normals":10,
                "version":3,
                "materials":1,
                "colors":0,
                "faces":10,
                "generator":"io_three"
            },
            "vertices":[1.4,0,-0.34,0.7,0,0.34,0.7,0,-0.34,1.4,0,0.34,1.4,0.75,0.34,0.7,0,0.34,1.4,0,0.34,0.7,0.75,0.34,0.7,0.75,-0.34,1.4,0,-0.34,0.7,0,-0.34,1.4,0.75,-0.34,1.4,0,-0.34,1.4,0.75,0.34,1.4,0,0.34,1.4,0.75,-0.34,1.4,0.75,0.34,0.7,0.75,-0.34,0.7,0.75,0.34,1.4,0.75,-0.34],
            "uvs":[[0,0.575836,0,0.356075,0,0.643925,0,0.424164,0.921726,0.432871,1,0.356075,1,0.424164,0.869514,0.398134,0.869514,0.601866,1,0.575836,1,0.643925,0.921726,0.567129]],
            "normals":[0,0,1,-0,-0,1,0,1,0,-0,1,-0,0,-1,-0,-0,-1,0,1,0,0,1,-0,-0,-0,0,-1,0,-0,-1],
            "name":"SketchUp ID11Geometry",
            "colors":[],
            "faces":[42,0,1,2,0,0,1,2,0,0,0,42,1,0,3,0,1,0,3,1,1,1,42,4,5,6,0,4,5,6,2,2,2,42,5,4,7,0,5,4,7,3,3,3,42,8,9,10,0,8,9,10,4,4,4,42,9,8,11,0,9,8,11,5,5,5,42,12,13,14,0,9,4,6,6,6,6,42,13,12,15,0,4,9,11,7,7,7,42,16,17,18,0,4,8,7,8,8,8,42,17,16,19,0,8,4,11,9,9,9]
        },
        "type":"Geometry"
    },{
        "uuid":"28C7199A-7581-4832-9888-8C3DA4E983EF",
        "materials":[],
        "data":{
            "metadata":{
                "vertices":4,
                "uvs":1,
                "normals":2,
                "version":3,
                "materials":0,
                "colors":0,
                "faces":2,
                "generator":"io_three"
            },
            "vertices":[0.45,0.75,-0.34,0.45,0,0.34,0.45,0.75,0.34,0.45,0,-0.34],
            "uvs":[[1,0.705962]],
            "normals":[-1,-0,0,-1,0,-0],
            "name":"SketchUp ID27Geometry",
            "colors":[],
            "faces":[42,0,1,2,0,0,0,0,0,0,0,42,1,0,3,0,0,0,0,1,1,1]
        },
        "type":"Geometry"
    }],
    "images":[],
    "textures":[],
    "metadata":{
        "type":"Object",
        "generator":"io_three",
        "version":4.4
    },
    "animations":[{
        "name":"default",
        "fps":24,
        "tracks":[]
    }],
    "materials":[{
        "depthTest":true,
        "uuid":"B99B86E7-5769-4239-B80F-3E5440A917A7",
        "specular":8355711,
        "depthWrite":true,
        "type":"MeshPhongMaterial",
        "name":"Color_J09",
        "color":10724259,
        "vertexColors":0,
        "shininess":50,
        "emissive":0,
        "blending":"NormalBlending"
    },{
        "depthTest":true,
        "uuid":"99054F87-19A0-41E8-B1E7-26921D918D50",
        "specular":8355711,
        "depthWrite":true,
        "type":"MeshPhongMaterial",
        "name":"Color_J06",
        "color":10724259,
        "vertexColors":0,
        "shininess":50,
        "emissive":0,
        "blending":"NormalBlending"
    },{
        "depthTest":true,
        "uuid":"02C8CB77-EE79-44B4-9E2A-A7960747E883",